CPP,Linker,Binder,Binder_name,Seq,Seq_name,Len
YGRKKRRQRRR,GGSG,TVQPNKLPVSIPLASVVL,DOT1L 18mer,YGRKKRRQRRRGGSGTVQPNKLPVSIPLASVVL,YGRKKRRQRRR_GGSG_DOT1L 18mer,33
GRKKRRQRRRPPQ,GGSG,TVQPNKLPVSIPLASVVL,DOT1L 18mer,GRKKRRQRRRPPQGGSGTVQPNKLPVSIPLASVVL,GRKKRRQRRRPPQ_GGSG_DOT1L 18mer,35
KLALKLALKALKAAL,GGSG,TVQPNKLPVSIPLASVVL,DOT1L 18mer,KLALKLALKALKAALGGSGTVQPNKLPVSIPLASVVL,KLALKLALKALKAAL_GGSG_DOT1L 18mer,37
KLALKLALKALKAALK,GGSG,TVQPNKLPVSIPLASVVL,DOT1L 18mer,KLALKLALKALKAALKGGSGTVQPNKLPVSIPLASVVL,KLALKLALKALKAALK_GGSG_DOT1L 18mer,38
KLALKLALKALKAALKLA,GGSG,TVQPNKLPVSIPLASVVL,DOT1L 18mer,KLALKLALKALKAALKLAGGSGTVQPNKLPVSIPLASVVL,KLALKLALKALKAALKLA_GGSG_DOT1L 18mer,40
RQARRNRRRALWKTLLKKVLKA,GGSG,TVQPNKLPVSIPLASVVL,DOT1L 18mer,RQARRNRRRALWKTLLKKVLKAGGSGTVQPNKLPVSIPLASVVL,RQARRNRRRALWKTLLKKVLKA_GGSG_DOT1L 18mer,44
PKKKRKVALWKTLLKKVLKA,GGSG,TVQPNKLPVSIPLASVVL,DOT1L 18mer,PKKKRKVALWKTLLKKVLKAGGSGTVQPNKLPVSIPLASVVL,PKKKRKVALWKTLLKKVLKA_GGSG_DOT1L 18mer,42
KALAKALAKLWKALAKAA,GGSG,TVQPNKLPVSIPLASVVL,DOT1L 18mer,KALAKALAKLWKALAKAAGGSGTVQPNKLPVSIPLASVVL,KALAKALAKLWKALAKAA_GGSG_DOT1L 18mer,40
KLAAALLKKWKKLAAALL,GGSG,TVQPNKLPVSIPLASVVL,DOT1L 18mer,KLAAALLKKWKKLAAALLGGSGTVQPNKLPVSIPLASVVL,KLAAALLKKWKKLAAALL_GGSG_DOT1L 18mer,40
KLALKLALKAWKAALKLA,GGSG,TVQPNKLPVSIPLASVVL,DOT1L 18mer,KLALKLALKAWKAALKLAGGSGTVQPNKLPVSIPLASVVL,KLALKLALKAWKAALKLA_GGSG_DOT1L 18mer,40
YGRKKRRQRRR,EAAAK,TVQPNKLPVSIPLASVVL,DOT1L 18mer,YGRKKRRQRRREAAAKTVQPNKLPVSIPLASVVL,YGRKKRRQRRR_EAAAK_DOT1L 18mer,34
GRKKRRQRRRPPQ,EAAAK,TVQPNKLPVSIPLASVVL,DOT1L 18mer,GRKKRRQRRRPPQEAAAKTVQPNKLPVSIPLASVVL,GRKKRRQRRRPPQ_EAAAK_DOT1L 18mer,36
KLALKLALKALKAAL,EAAAK,TVQPNKLPVSIPLASVVL,DOT1L 18mer,KLALKLALKALKAALEAAAKTVQPNKLPVSIPLASVVL,KLALKLALKALKAAL_EAAAK_DOT1L 18mer,38
KLALKLALKALKAALK,EAAAK,TVQPNKLPVSIPLASVVL,DOT1L 18mer,KLALKLALKALKAALKEAAAKTVQPNKLPVSIPLASVVL,KLALKLALKALKAALK_EAAAK_DOT1L 18mer,39
KLALKLALKALKAALKLA,EAAAK,TVQPNKLPVSIPLASVVL,DOT1L 18mer,KLALKLALKALKAALKLAEAAAKTVQPNKLPVSIPLASVVL,KLALKLALKALKAALKLA_EAAAK_DOT1L 18mer,41
RQARRNRRRALWKTLLKKVLKA,EAAAK,TVQPNKLPVSIPLASVVL,DOT1L 18mer,RQARRNRRRALWKTLLKKVLKAEAAAKTVQPNKLPVSIPLASVVL,RQARRNRRRALWKTLLKKVLKA_EAAAK_DOT1L 18mer,45
PKKKRKVALWKTLLKKVLKA,EAAAK,TVQPNKLPVSIPLASVVL,DOT1L 18mer,PKKKRKVALWKTLLKKVLKAEAAAKTVQPNKLPVSIPLASVVL,PKKKRKVALWKTLLKKVLKA_EAAAK_DOT1L 18mer,43
KALAKALAKLWKALAKAA,EAAAK,TVQPNKLPVSIPLASVVL,DOT1L 18mer,KALAKALAKLWKALAKAAEAAAKTVQPNKLPVSIPLASVVL,KALAKALAKLWKALAKAA_EAAAK_DOT1L 18mer,41
KLAAALLKKWKKLAAALL,EAAAK,TVQPNKLPVSIPLASVVL,DOT1L 18mer,KLAAALLKKWKKLAAALLEAAAKTVQPNKLPVSIPLASVVL,KLAAALLKKWKKLAAALL_EAAAK_DOT1L 18mer,41
KLALKLALKAWKAALKLA,EAAAK,TVQPNKLPVSIPLASVVL,DOT1L 18mer,KLALKLALKAWKAALKLAEAAAKTVQPNKLPVSIPLASVVL,KLALKLALKAWKAALKLA_EAAAK_DOT1L 18mer,41
YGRKKRRQRRR,GGSG,LPISIPLSTV,DOT1L 10mer,YGRKKRRQRRRGGSGLPISIPLSTV,YGRKKRRQRRR_GGSG_DOT1L 10mer,25
GRKKRRQRRRPPQ,GGSG,LPISIPLSTV,DOT1L 10mer,GRKKRRQRRRPPQGGSGLPISIPLSTV,GRKKRRQRRRPPQ_GGSG_DOT1L 10mer,27
KLALKLALKALKAAL,GGSG,LPISIPLSTV,DOT1L 10mer,KLALKLALKALKAALGGSGLPISIPLSTV,KLALKLALKALKAAL_GGSG_DOT1L 10mer,29
KLALKLALKALKAALK,GGSG,LPISIPLSTV,DOT1L 10mer,KLALKLALKALKAALKGGSGLPISIPLSTV,KLALKLALKALKAALK_GGSG_DOT1L 10mer,30
KLALKLALKALKAALKLA,GGSG,LPISIPLSTV,DOT1L 10mer,KLALKLALKALKAALKLAGGSGLPISIPLSTV,KLALKLALKALKAALKLA_GGSG_DOT1L 10mer,32
RQARRNRRRALWKTLLKKVLKA,GGSG,LPISIPLSTV,DOT1L 10mer,RQARRNRRRALWKTLLKKVLKAGGSGLPISIPLSTV,RQARRNRRRALWKTLLKKVLKA_GGSG_DOT1L 10mer,36
PKKKRKVALWKTLLKKVLKA,GGSG,LPISIPLSTV,DOT1L 10mer,PKKKRKVALWKTLLKKVLKAGGSGLPISIPLSTV,PKKKRKVALWKTLLKKVLKA_GGSG_DOT1L 10mer,34
KALAKALAKLWKALAKAA,GGSG,LPISIPLSTV,DOT1L 10mer,KALAKALAKLWKALAKAAGGSGLPISIPLSTV,KALAKALAKLWKALAKAA_GGSG_DOT1L 10mer,32
KLAAALLKKWKKLAAALL,GGSG,LPISIPLSTV,DOT1L 10mer,KLAAALLKKWKKLAAALLGGSGLPISIPLSTV,KLAAALLKKWKKLAAALL_GGSG_DOT1L 10mer,32
KLALKLALKAWKAALKLA,GGSG,LPISIPLSTV,DOT1L 10mer,KLALKLALKAWKAALKLAGGSGLPISIPLSTV,KLALKLALKAWKAALKLA_GGSG_DOT1L 10mer,32
YGRKKRRQRRR,EAAAK,LPISIPLSTV,DOT1L 10mer,YGRKKRRQRRREAAAKLPISIPLSTV,YGRKKRRQRRR_EAAAK_DOT1L 10mer,26
GRKKRRQRRRPPQ,EAAAK,LPISIPLSTV,DOT1L 10mer,GRKKRRQRRRPPQEAAAKLPISIPLSTV,GRKKRRQRRRPPQ_EAAAK_DOT1L 10mer,28
KLALKLALKALKAAL,EAAAK,LPISIPLSTV,DOT1L 10mer,KLALKLALKALKAALEAAAKLPISIPLSTV,KLALKLALKALKAAL_EAAAK_DOT1L 10mer,30
KLALKLALKALKAALK,EAAAK,LPISIPLSTV,DOT1L 10mer,KLALKLALKALKAALKEAAAKLPISIPLSTV,KLALKLALKALKAALK_EAAAK_DOT1L 10mer,31
KLALKLALKALKAALKLA,EAAAK,LPISIPLSTV,DOT1L 10mer,KLALKLALKALKAALKLAEAAAKLPISIPLSTV,KLALKLALKALKAALKLA_EAAAK_DOT1L 10mer,33
RQARRNRRRALWKTLLKKVLKA,EAAAK,LPISIPLSTV,DOT1L 10mer,RQARRNRRRALWKTLLKKVLKAEAAAKLPISIPLSTV,RQARRNRRRALWKTLLKKVLKA_EAAAK_DOT1L 10mer,37
PKKKRKVALWKTLLKKVLKA,EAAAK,LPISIPLSTV,DOT1L 10mer,PKKKRKVALWKTLLKKVLKAEAAAKLPISIPLSTV,PKKKRKVALWKTLLKKVLKA_EAAAK_DOT1L 10mer,35
KALAKALAKLWKALAKAA,EAAAK,LPISIPLSTV,DOT1L 10mer,KALAKALAKLWKALAKAAEAAAKLPISIPLSTV,KALAKALAKLWKALAKAA_EAAAK_DOT1L 10mer,33
KLAAALLKKWKKLAAALL,EAAAK,LPISIPLSTV,DOT1L 10mer,KLAAALLKKWKKLAAALLEAAAKLPISIPLSTV,KLAAALLKKWKKLAAALL_EAAAK_DOT1L 10mer,33
KLALKLALKAWKAALKLA,EAAAK,LPISIPLSTV,DOT1L 10mer,KLALKLALKAWKAALKLAEAAAKLPISIPLSTV,KLALKLALKAWKAALKLA_EAAAK_DOT1L 10mer,33
YGRKKRRQRRR,GGSG,LPISIPL,DOT1L 7 mer site 2,YGRKKRRQRRRGGSGLPISIPL,YGRKKRRQRRR_GGSG_DOT1L 7 mer site 2,22
GRKKRRQRRRPPQ,GGSG,LPISIPL,DOT1L 7 mer site 2,GRKKRRQRRRPPQGGSGLPISIPL,GRKKRRQRRRPPQ_GGSG_DOT1L 7 mer site 2,24
KLALKLALKALKAAL,GGSG,LPISIPL,DOT1L 7 mer site 2,KLALKLALKALKAALGGSGLPISIPL,KLALKLALKALKAAL_GGSG_DOT1L 7 mer site 2,26
KLALKLALKALKAALK,GGSG,LPISIPL,DOT1L 7 mer site 2,KLALKLALKALKAALKGGSGLPISIPL,KLALKLALKALKAALK_GGSG_DOT1L 7 mer site 2,27
KLALKLALKALKAALKLA,GGSG,LPISIPL,DOT1L 7 mer site 2,KLALKLALKALKAALKLAGGSGLPISIPL,KLALKLALKALKAALKLA_GGSG_DOT1L 7 mer site 2,29
RQARRNRRRALWKTLLKKVLKA,GGSG,LPISIPL,DOT1L 7 mer site 2,RQARRNRRRALWKTLLKKVLKAGGSGLPISIPL,RQARRNRRRALWKTLLKKVLKA_GGSG_DOT1L 7 mer site 2,33
PKKKRKVALWKTLLKKVLKA,GGSG,LPISIPL,DOT1L 7 mer site 2,PKKKRKVALWKTLLKKVLKAGGSGLPISIPL,PKKKRKVALWKTLLKKVLKA_GGSG_DOT1L 7 mer site 2,31
KALAKALAKLWKALAKAA,GGSG,LPISIPL,DOT1L 7 mer site 2,KALAKALAKLWKALAKAAGGSGLPISIPL,KALAKALAKLWKALAKAA_GGSG_DOT1L 7 mer site 2,29
KLAAALLKKWKKLAAALL,GGSG,LPISIPL,DOT1L 7 mer site 2,KLAAALLKKWKKLAAALLGGSGLPISIPL,KLAAALLKKWKKLAAALL_GGSG_DOT1L 7 mer site 2,29
KLALKLALKAWKAALKLA,GGSG,LPISIPL,DOT1L 7 mer site 2,KLALKLALKAWKAALKLAGGSGLPISIPL,KLALKLALKAWKAALKLA_GGSG_DOT1L 7 mer site 2,29
YGRKKRRQRRR,EAAAK,LPISIPL,DOT1L 7 mer site 2,YGRKKRRQRRREAAAKLPISIPL,YGRKKRRQRRR_EAAAK_DOT1L 7 mer site 2,23
GRKKRRQRRRPPQ,EAAAK,LPISIPL,DOT1L 7 mer site 2,GRKKRRQRRRPPQEAAAKLPISIPL,GRKKRRQRRRPPQ_EAAAK_DOT1L 7 mer site 2,25
KLALKLALKALKAAL,EAAAK,LPISIPL,DOT1L 7 mer site 2,KLALKLALKALKAALEAAAKLPISIPL,KLALKLALKALKAAL_EAAAK_DOT1L 7 mer site 2,27
KLALKLALKALKAALK,EAAAK,LPISIPL,DOT1L 7 mer site 2,KLALKLALKALKAALKEAAAKLPISIPL,KLALKLALKALKAALK_EAAAK_DOT1L 7 mer site 2,28
KLALKLALKALKAALKLA,EAAAK,LPISIPL,DOT1L 7 mer site 2,KLALKLALKALKAALKLAEAAAKLPISIPL,KLALKLALKALKAALKLA_EAAAK_DOT1L 7 mer site 2,30
RQARRNRRRALWKTLLKKVLKA,EAAAK,LPISIPL,DOT1L 7 mer site 2,RQARRNRRRALWKTLLKKVLKAEAAAKLPISIPL,RQARRNRRRALWKTLLKKVLKA_EAAAK_DOT1L 7 mer site 2,34
PKKKRKVALWKTLLKKVLKA,EAAAK,LPISIPL,DOT1L 7 mer site 2,PKKKRKVALWKTLLKKVLKAEAAAKLPISIPL,PKKKRKVALWKTLLKKVLKA_EAAAK_DOT1L 7 mer site 2,32
KALAKALAKLWKALAKAA,EAAAK,LPISIPL,DOT1L 7 mer site 2,KALAKALAKLWKALAKAAEAAAKLPISIPL,KALAKALAKLWKALAKAA_EAAAK_DOT1L 7 mer site 2,30
KLAAALLKKWKKLAAALL,EAAAK,LPISIPL,DOT1L 7 mer site 2,KLAAALLKKWKKLAAALLEAAAKLPISIPL,KLAAALLKKWKKLAAALL_EAAAK_DOT1L 7 mer site 2,30
KLALKLALKAWKAALKLA,EAAAK,LPISIPL,DOT1L 7 mer site 2,KLALKLALKAWKAALKLAEAAAKLPISIPL,KLALKLALKAWKAALKLA_EAAAK_DOT1L 7 mer site 2,30
YGRKKRRQRRR,GGSG,LPVSIPL,DOT1L 7 mer site 3,YGRKKRRQRRRGGSGLPVSIPL,YGRKKRRQRRR_GGSG_DOT1L 7 mer site 3,22
GRKKRRQRRRPPQ,GGSG,LPVSIPL,DOT1L 7 mer site 3,GRKKRRQRRRPPQGGSGLPVSIPL,GRKKRRQRRRPPQ_GGSG_DOT1L 7 mer site 3,24
KLALKLALKALKAAL,GGSG,LPVSIPL,DOT1L 7 mer site 3,KLALKLALKALKAALGGSGLPVSIPL,KLALKLALKALKAAL_GGSG_DOT1L 7 mer site 3,26
KLALKLALKALKAALK,GGSG,LPVSIPL,DOT1L 7 mer site 3,KLALKLALKALKAALKGGSGLPVSIPL,KLALKLALKALKAALK_GGSG_DOT1L 7 mer site 3,27
KLALKLALKALKAALKLA,GGSG,LPVSIPL,DOT1L 7 mer site 3,KLALKLALKALKAALKLAGGSGLPVSIPL,KLALKLALKALKAALKLA_GGSG_DOT1L 7 mer site 3,29
RQARRNRRRALWKTLLKKVLKA,GGSG,LPVSIPL,DOT1L 7 mer site 3,RQARRNRRRALWKTLLKKVLKAGGSGLPVSIPL,RQARRNRRRALWKTLLKKVLKA_GGSG_DOT1L 7 mer site 3,33
PKKKRKVALWKTLLKKVLKA,GGSG,LPVSIPL,DOT1L 7 mer site 3,PKKKRKVALWKTLLKKVLKAGGSGLPVSIPL,PKKKRKVALWKTLLKKVLKA_GGSG_DOT1L 7 mer site 3,31
KALAKALAKLWKALAKAA,GGSG,LPVSIPL,DOT1L 7 mer site 3,KALAKALAKLWKALAKAAGGSGLPVSIPL,KALAKALAKLWKALAKAA_GGSG_DOT1L 7 mer site 3,29
KLAAALLKKWKKLAAALL,GGSG,LPVSIPL,DOT1L 7 mer site 3,KLAAALLKKWKKLAAALLGGSGLPVSIPL,KLAAALLKKWKKLAAALL_GGSG_DOT1L 7 mer site 3,29
KLALKLALKAWKAALKLA,GGSG,LPVSIPL,DOT1L 7 mer site 3,KLALKLALKAWKAALKLAGGSGLPVSIPL,KLALKLALKAWKAALKLA_GGSG_DOT1L 7 mer site 3,29
YGRKKRRQRRR,EAAAK,LPVSIPL,DOT1L 7 mer site 3,YGRKKRRQRRREAAAKLPVSIPL,YGRKKRRQRRR_EAAAK_DOT1L 7 mer site 3,23
GRKKRRQRRRPPQ,EAAAK,LPVSIPL,DOT1L 7 mer site 3,GRKKRRQRRRPPQEAAAKLPVSIPL,GRKKRRQRRRPPQ_EAAAK_DOT1L 7 mer site 3,25
KLALKLALKALKAAL,EAAAK,LPVSIPL,DOT1L 7 mer site 3,KLALKLALKALKAALEAAAKLPVSIPL,KLALKLALKALKAAL_EAAAK_DOT1L 7 mer site 3,27
KLALKLALKALKAALK,EAAAK,LPVSIPL,DOT1L 7 mer site 3,KLALKLALKALKAALKEAAAKLPVSIPL,KLALKLALKALKAALK_EAAAK_DOT1L 7 mer site 3,28
KLALKLALKALKAALKLA,EAAAK,LPVSIPL,DOT1L 7 mer site 3,KLALKLALKALKAALKLAEAAAKLPVSIPL,KLALKLALKALKAALKLA_EAAAK_DOT1L 7 mer site 3,30
RQARRNRRRALWKTLLKKVLKA,EAAAK,LPVSIPL,DOT1L 7 mer site 3,RQARRNRRRALWKTLLKKVLKAEAAAKLPVSIPL,RQARRNRRRALWKTLLKKVLKA_EAAAK_DOT1L 7 mer site 3,34
PKKKRKVALWKTLLKKVLKA,EAAAK,LPVSIPL,DOT1L 7 mer site 3,PKKKRKVALWKTLLKKVLKAEAAAKLPVSIPL,PKKKRKVALWKTLLKKVLKA_EAAAK_DOT1L 7 mer site 3,32
KALAKALAKLWKALAKAA,EAAAK,LPVSIPL,DOT1L 7 mer site 3,KALAKALAKLWKALAKAAEAAAKLPVSIPL,KALAKALAKLWKALAKAA_EAAAK_DOT1L 7 mer site 3,30
KLAAALLKKWKKLAAALL,EAAAK,LPVSIPL,DOT1L 7 mer site 3,KLAAALLKKWKKLAAALLEAAAKLPVSIPL,KLAAALLKKWKKLAAALL_EAAAK_DOT1L 7 mer site 3,30
KLALKLALKAWKAALKLA,EAAAK,LPVSIPL,DOT1L 7 mer site 3,KLALKLALKAWKAALKLAEAAAKLPVSIPL,KLALKLALKAWKAALKLA_EAAAK_DOT1L 7 mer site 3,30
YGRKKRRQRRR,GGSG,LPVSIPLASVVL,DOT1L 12mer,YGRKKRRQRRRGGSGLPVSIPLASVVL,YGRKKRRQRRR_GGSG_DOT1L 12mer,27
GRKKRRQRRRPPQ,GGSG,LPVSIPLASVVL,DOT1L 12mer,GRKKRRQRRRPPQGGSGLPVSIPLASVVL,GRKKRRQRRRPPQ_GGSG_DOT1L 12mer,29
KLALKLALKALKAAL,GGSG,LPVSIPLASVVL,DOT1L 12mer,KLALKLALKALKAALGGSGLPVSIPLASVVL,KLALKLALKALKAAL_GGSG_DOT1L 12mer,31
KLALKLALKALKAALK,GGSG,LPVSIPLASVVL,DOT1L 12mer,KLALKLALKALKAALKGGSGLPVSIPLASVVL,KLALKLALKALKAALK_GGSG_DOT1L 12mer,32
KLALKLALKALKAALKLA,GGSG,LPVSIPLASVVL,DOT1L 12mer,KLALKLALKALKAALKLAGGSGLPVSIPLASVVL,KLALKLALKALKAALKLA_GGSG_DOT1L 12mer,34
RQARRNRRRALWKTLLKKVLKA,GGSG,LPVSIPLASVVL,DOT1L 12mer,RQARRNRRRALWKTLLKKVLKAGGSGLPVSIPLASVVL,RQARRNRRRALWKTLLKKVLKA_GGSG_DOT1L 12mer,38
PKKKRKVALWKTLLKKVLKA,GGSG,LPVSIPLASVVL,DOT1L 12mer,PKKKRKVALWKTLLKKVLKAGGSGLPVSIPLASVVL,PKKKRKVALWKTLLKKVLKA_GGSG_DOT1L 12mer,36
KALAKALAKLWKALAKAA,GGSG,LPVSIPLASVVL,DOT1L 12mer,KALAKALAKLWKALAKAAGGSGLPVSIPLASVVL,KALAKALAKLWKALAKAA_GGSG_DOT1L 12mer,34
KLAAALLKKWKKLAAALL,GGSG,LPVSIPLASVVL,DOT1L 12mer,KLAAALLKKWKKLAAALLGGSGLPVSIPLASVVL,KLAAALLKKWKKLAAALL_GGSG_DOT1L 12mer,34
KLALKLALKAWKAALKLA,GGSG,LPVSIPLASVVL,DOT1L 12mer,KLALKLALKAWKAALKLAGGSGLPVSIPLASVVL,KLALKLALKAWKAALKLA_GGSG_DOT1L 12mer,34
YGRKKRRQRRR,EAAAK,LPVSIPLASVVL,DOT1L 12mer,YGRKKRRQRRREAAAKLPVSIPLASVVL,YGRKKRRQRRR_EAAAK_DOT1L 12mer,28
GRKKRRQRRRPPQ,EAAAK,LPVSIPLASVVL,DOT1L 12mer,GRKKRRQRRRPPQEAAAKLPVSIPLASVVL,GRKKRRQRRRPPQ_EAAAK_DOT1L 12mer,30
KLALKLALKALKAAL,EAAAK,LPVSIPLASVVL,DOT1L 12mer,KLALKLALKALKAALEAAAKLPVSIPLASVVL,KLALKLALKALKAAL_EAAAK_DOT1L 12mer,32
KLALKLALKALKAALK,EAAAK,LPVSIPLASVVL,DOT1L 12mer,KLALKLALKALKAALKEAAAKLPVSIPLASVVL,KLALKLALKALKAALK_EAAAK_DOT1L 12mer,33
KLALKLALKALKAALKLA,EAAAK,LPVSIPLASVVL,DOT1L 12mer,KLALKLALKALKAALKLAEAAAKLPVSIPLASVVL,KLALKLALKALKAALKLA_EAAAK_DOT1L 12mer,35
RQARRNRRRALWKTLLKKVLKA,EAAAK,LPVSIPLASVVL,DOT1L 12mer,RQARRNRRRALWKTLLKKVLKAEAAAKLPVSIPLASVVL,RQARRNRRRALWKTLLKKVLKA_EAAAK_DOT1L 12mer,39
PKKKRKVALWKTLLKKVLKA,EAAAK,LPVSIPLASVVL,DOT1L 12mer,PKKKRKVALWKTLLKKVLKAEAAAKLPVSIPLASVVL,PKKKRKVALWKTLLKKVLKA_EAAAK_DOT1L 12mer,37
KALAKALAKLWKALAKAA,EAAAK,LPVSIPLASVVL,DOT1L 12mer,KALAKALAKLWKALAKAAEAAAKLPVSIPLASVVL,KALAKALAKLWKALAKAA_EAAAK_DOT1L 12mer,35
KLAAALLKKWKKLAAALL,EAAAK,LPVSIPLASVVL,DOT1L 12mer,KLAAALLKKWKKLAAALLEAAAKLPVSIPLASVVL,KLAAALLKKWKKLAAALL_EAAAK_DOT1L 12mer,35
KLALKLALKAWKAALKLA,EAAAK,LPVSIPLASVVL,DOT1L 12mer,KLALKLALKAWKAALKLAEAAAKLPVSIPLASVVL,KLALKLALKAWKAALKLA_EAAAK_DOT1L 12mer,35
YGRKKRRQRRR,GGSG,LSPLRDTPPPQSLMVKITLDLLSRIPQ,AF4 27mer,YGRKKRRQRRRGGSGLSPLRDTPPPQSLMVKITLDLLSRIPQ,YGRKKRRQRRR_GGSG_AF4 27mer,42
GRKKRRQRRRPPQ,GGSG,LSPLRDTPPPQSLMVKITLDLLSRIPQ,AF4 27mer,GRKKRRQRRRPPQGGSGLSPLRDTPPPQSLMVKITLDLLSRIPQ,GRKKRRQRRRPPQ_GGSG_AF4 27mer,44
KLALKLALKALKAAL,GGSG,LSPLRDTPPPQSLMVKITLDLLSRIPQ,AF4 27mer,KLALKLALKALKAALGGSGLSPLRDTPPPQSLMVKITLDLLSRIPQ,KLALKLALKALKAAL_GGSG_AF4 27mer,46
KLALKLALKALKAALK,GGSG,LSPLRDTPPPQSLMVKITLDLLSRIPQ,AF4 27mer,KLALKLALKALKAALKGGSGLSPLRDTPPPQSLMVKITLDLLSRIPQ,KLALKLALKALKAALK_GGSG_AF4 27mer,47
KLALKLALKALKAALKLA,GGSG,LSPLRDTPPPQSLMVKITLDLLSRIPQ,AF4 27mer,KLALKLALKALKAALKLAGGSGLSPLRDTPPPQSLMVKITLDLLSRIPQ,KLALKLALKALKAALKLA_GGSG_AF4 27mer,49
RQARRNRRRALWKTLLKKVLKA,GGSG,LSPLRDTPPPQSLMVKITLDLLSRIPQ,AF4 27mer,RQARRNRRRALWKTLLKKVLKAGGSGLSPLRDTPPPQSLMVKITLDLLSRIPQ,RQARRNRRRALWKTLLKKVLKA_GGSG_AF4 27mer,53
PKKKRKVALWKTLLKKVLKA,GGSG,LSPLRDTPPPQSLMVKITLDLLSRIPQ,AF4 27mer,PKKKRKVALWKTLLKKVLKAGGSGLSPLRDTPPPQSLMVKITLDLLSRIPQ,PKKKRKVALWKTLLKKVLKA_GGSG_AF4 27mer,51
KALAKALAKLWKALAKAA,GGSG,LSPLRDTPPPQSLMVKITLDLLSRIPQ,AF4 27mer,KALAKALAKLWKALAKAAGGSGLSPLRDTPPPQSLMVKITLDLLSRIPQ,KALAKALAKLWKALAKAA_GGSG_AF4 27mer,49
KLAAALLKKWKKLAAALL,GGSG,LSPLRDTPPPQSLMVKITLDLLSRIPQ,AF4 27mer,KLAAALLKKWKKLAAALLGGSGLSPLRDTPPPQSLMVKITLDLLSRIPQ,KLAAALLKKWKKLAAALL_GGSG_AF4 27mer,49
KLALKLALKAWKAALKLA,GGSG,LSPLRDTPPPQSLMVKITLDLLSRIPQ,AF4 27mer,KLALKLALKAWKAALKLAGGSGLSPLRDTPPPQSLMVKITLDLLSRIPQ,KLALKLALKAWKAALKLA_GGSG_AF4 27mer,49
YGRKKRRQRRR,EAAAK,LSPLRDTPPPQSLMVKITLDLLSRIPQ,AF4 27mer,YGRKKRRQRRREAAAKLSPLRDTPPPQSLMVKITLDLLSRIPQ,YGRKKRRQRRR_EAAAK_AF4 27mer,43
GRKKRRQRRRPPQ,EAAAK,LSPLRDTPPPQSLMVKITLDLLSRIPQ,AF4 27mer,GRKKRRQRRRPPQEAAAKLSPLRDTPPPQSLMVKITLDLLSRIPQ,GRKKRRQRRRPPQ_EAAAK_AF4 27mer,45
KLALKLALKALKAAL,EAAAK,LSPLRDTPPPQSLMVKITLDLLSRIPQ,AF4 27mer,KLALKLALKALKAALEAAAKLSPLRDTPPPQSLMVKITLDLLSRIPQ,KLALKLALKALKAAL_EAAAK_AF4 27mer,47
KLALKLALKALKAALK,EAAAK,LSPLRDTPPPQSLMVKITLDLLSRIPQ,AF4 27mer,KLALKLALKALKAALKEAAAKLSPLRDTPPPQSLMVKITLDLLSRIPQ,KLALKLALKALKAALK_EAAAK_AF4 27mer,48
KLALKLALKALKAALKLA,EAAAK,LSPLRDTPPPQSLMVKITLDLLSRIPQ,AF4 27mer,KLALKLALKALKAALKLAEAAAKLSPLRDTPPPQSLMVKITLDLLSRIPQ,KLALKLALKALKAALKLA_EAAAK_AF4 27mer,50
RQARRNRRRALWKTLLKKVLKA,EAAAK,LSPLRDTPPPQSLMVKITLDLLSRIPQ,AF4 27mer,RQARRNRRRALWKTLLKKVLKAEAAAKLSPLRDTPPPQSLMVKITLDLLSRIPQ,RQARRNRRRALWKTLLKKVLKA_EAAAK_AF4 27mer,54
PKKKRKVALWKTLLKKVLKA,EAAAK,LSPLRDTPPPQSLMVKITLDLLSRIPQ,AF4 27mer,PKKKRKVALWKTLLKKVLKAEAAAKLSPLRDTPPPQSLMVKITLDLLSRIPQ,PKKKRKVALWKTLLKKVLKA_EAAAK_AF4 27mer,52
KALAKALAKLWKALAKAA,EAAAK,LSPLRDTPPPQSLMVKITLDLLSRIPQ,AF4 27mer,KALAKALAKLWKALAKAAEAAAKLSPLRDTPPPQSLMVKITLDLLSRIPQ,KALAKALAKLWKALAKAA_EAAAK_AF4 27mer,50
KLAAALLKKWKKLAAALL,EAAAK,LSPLRDTPPPQSLMVKITLDLLSRIPQ,AF4 27mer,KLAAALLKKWKKLAAALLEAAAKLSPLRDTPPPQSLMVKITLDLLSRIPQ,KLAAALLKKWKKLAAALL_EAAAK_AF4 27mer,50
KLALKLALKAWKAALKLA,EAAAK,LSPLRDTPPPQSLMVKITLDLLSRIPQ,AF4 27mer,KLALKLALKAWKAALKLAEAAAKLSPLRDTPPPQSLMVKITLDLLSRIPQ,KLALKLALKAWKAALKLA_EAAAK_AF4 27mer,50
YGRKKRRQRRR,GGSG,LMVKITLDLLSRIP,AF4 14mer,YGRKKRRQRRRGGSGLMVKITLDLLSRIP,YGRKKRRQRRR_GGSG_AF4 14mer,29
GRKKRRQRRRPPQ,GGSG,LMVKITLDLLSRIP,AF4 14mer,GRKKRRQRRRPPQGGSGLMVKITLDLLSRIP,GRKKRRQRRRPPQ_GGSG_AF4 14mer,31
KLALKLALKALKAAL,GGSG,LMVKITLDLLSRIP,AF4 14mer,KLALKLALKALKAALGGSGLMVKITLDLLSRIP,KLALKLALKALKAAL_GGSG_AF4 14mer,33
KLALKLALKALKAALK,GGSG,LMVKITLDLLSRIP,AF4 14mer,KLALKLALKALKAALKGGSGLMVKITLDLLSRIP,KLALKLALKALKAALK_GGSG_AF4 14mer,34
KLALKLALKALKAALKLA,GGSG,LMVKITLDLLSRIP,AF4 14mer,KLALKLALKALKAALKLAGGSGLMVKITLDLLSRIP,KLALKLALKALKAALKLA_GGSG_AF4 14mer,36
RQARRNRRRALWKTLLKKVLKA,GGSG,LMVKITLDLLSRIP,AF4 14mer,RQARRNRRRALWKTLLKKVLKAGGSGLMVKITLDLLSRIP,RQARRNRRRALWKTLLKKVLKA_GGSG_AF4 14mer,40
PKKKRKVALWKTLLKKVLKA,GGSG,LMVKITLDLLSRIP,AF4 14mer,PKKKRKVALWKTLLKKVLKAGGSGLMVKITLDLLSRIP,PKKKRKVALWKTLLKKVLKA_GGSG_AF4 14mer,38
KALAKALAKLWKALAKAA,GGSG,LMVKITLDLLSRIP,AF4 14mer,KALAKALAKLWKALAKAAGGSGLMVKITLDLLSRIP,KALAKALAKLWKALAKAA_GGSG_AF4 14mer,36
KLAAALLKKWKKLAAALL,GGSG,LMVKITLDLLSRIP,AF4 14mer,KLAAALLKKWKKLAAALLGGSGLMVKITLDLLSRIP,KLAAALLKKWKKLAAALL_GGSG_AF4 14mer,36
KLALKLALKAWKAALKLA,GGSG,LMVKITLDLLSRIP,AF4 14mer,KLALKLALKAWKAALKLAGGSGLMVKITLDLLSRIP,KLALKLALKAWKAALKLA_GGSG_AF4 14mer,36
YGRKKRRQRRR,EAAAK,LMVKITLDLLSRIP,AF4 14mer,YGRKKRRQRRREAAAKLMVKITLDLLSRIP,YGRKKRRQRRR_EAAAK_AF4 14mer,30
GRKKRRQRRRPPQ,EAAAK,LMVKITLDLLSRIP,AF4 14mer,GRKKRRQRRRPPQEAAAKLMVKITLDLLSRIP,GRKKRRQRRRPPQ_EAAAK_AF4 14mer,32
KLALKLALKALKAAL,EAAAK,LMVKITLDLLSRIP,AF4 14mer,KLALKLALKALKAALEAAAKLMVKITLDLLSRIP,KLALKLALKALKAAL_EAAAK_AF4 14mer,34
KLALKLALKALKAALK,EAAAK,LMVKITLDLLSRIP,AF4 14mer,KLALKLALKALKAALKEAAAKLMVKITLDLLSRIP,KLALKLALKALKAALK_EAAAK_AF4 14mer,35
KLALKLALKALKAALKLA,EAAAK,LMVKITLDLLSRIP,AF4 14mer,KLALKLALKALKAALKLAEAAAKLMVKITLDLLSRIP,KLALKLALKALKAALKLA_EAAAK_AF4 14mer,37
RQARRNRRRALWKTLLKKVLKA,EAAAK,LMVKITLDLLSRIP,AF4 14mer,RQARRNRRRALWKTLLKKVLKAEAAAKLMVKITLDLLSRIP,RQARRNRRRALWKTLLKKVLKA_EAAAK_AF4 14mer,41
PKKKRKVALWKTLLKKVLKA,EAAAK,LMVKITLDLLSRIP,AF4 14mer,PKKKRKVALWKTLLKKVLKAEAAAKLMVKITLDLLSRIP,PKKKRKVALWKTLLKKVLKA_EAAAK_AF4 14mer,39
KALAKALAKLWKALAKAA,EAAAK,LMVKITLDLLSRIP,AF4 14mer,KALAKALAKLWKALAKAAEAAAKLMVKITLDLLSRIP,KALAKALAKLWKALAKAA_EAAAK_AF4 14mer,37
KLAAALLKKWKKLAAALL,EAAAK,LMVKITLDLLSRIP,AF4 14mer,KLAAALLKKWKKLAAALLEAAAKLMVKITLDLLSRIP,KLAAALLKKWKKLAAALL_EAAAK_AF4 14mer,37
KLALKLALKAWKAALKLA,EAAAK,LMVKITLDLLSRIP,AF4 14mer,KLALKLALKAWKAALKLAEAAAKLMVKITLDLLSRIP,KLALKLALKAWKAALKLA_EAAAK_AF4 14mer,37
YGRKKRRQRRR,GGSG,LMVKITLDLL,AF4 10mer,YGRKKRRQRRRGGSGLMVKITLDLL,YGRKKRRQRRR_GGSG_AF4 10mer,25
GRKKRRQRRRPPQ,GGSG,LMVKITLDLL,AF4 10mer,GRKKRRQRRRPPQGGSGLMVKITLDLL,GRKKRRQRRRPPQ_GGSG_AF4 10mer,27
KLALKLALKALKAAL,GGSG,LMVKITLDLL,AF4 10mer,KLALKLALKALKAALGGSGLMVKITLDLL,KLALKLALKALKAAL_GGSG_AF4 10mer,29
KLALKLALKALKAALK,GGSG,LMVKITLDLL,AF4 10mer,KLALKLALKALKAALKGGSGLMVKITLDLL,KLALKLALKALKAALK_GGSG_AF4 10mer,30
KLALKLALKALKAALKLA,GGSG,LMVKITLDLL,AF4 10mer,KLALKLALKALKAALKLAGGSGLMVKITLDLL,KLALKLALKALKAALKLA_GGSG_AF4 10mer,32
RQARRNRRRALWKTLLKKVLKA,GGSG,LMVKITLDLL,AF4 10mer,RQARRNRRRALWKTLLKKVLKAGGSGLMVKITLDLL,RQARRNRRRALWKTLLKKVLKA_GGSG_AF4 10mer,36
PKKKRKVALWKTLLKKVLKA,GGSG,LMVKITLDLL,AF4 10mer,PKKKRKVALWKTLLKKVLKAGGSGLMVKITLDLL,PKKKRKVALWKTLLKKVLKA_GGSG_AF4 10mer,34
KALAKALAKLWKALAKAA,GGSG,LMVKITLDLL,AF4 10mer,KALAKALAKLWKALAKAAGGSGLMVKITLDLL,KALAKALAKLWKALAKAA_GGSG_AF4 10mer,32
KLAAALLKKWKKLAAALL,GGSG,LMVKITLDLL,AF4 10mer,KLAAALLKKWKKLAAALLGGSGLMVKITLDLL,KLAAALLKKWKKLAAALL_GGSG_AF4 10mer,32
KLALKLALKAWKAALKLA,GGSG,LMVKITLDLL,AF4 10mer,KLALKLALKAWKAALKLAGGSGLMVKITLDLL,KLALKLALKAWKAALKLA_GGSG_AF4 10mer,32
YGRKKRRQRRR,EAAAK,LMVKITLDLL,AF4 10mer,YGRKKRRQRRREAAAKLMVKITLDLL,YGRKKRRQRRR_EAAAK_AF4 10mer,26
GRKKRRQRRRPPQ,EAAAK,LMVKITLDLL,AF4 10mer,GRKKRRQRRRPPQEAAAKLMVKITLDLL,GRKKRRQRRRPPQ_EAAAK_AF4 10mer,28
KLALKLALKALKAAL,EAAAK,LMVKITLDLL,AF4 10mer,KLALKLALKALKAALEAAAKLMVKITLDLL,KLALKLALKALKAAL_EAAAK_AF4 10mer,30
KLALKLALKALKAALK,EAAAK,LMVKITLDLL,AF4 10mer,KLALKLALKALKAALKEAAAKLMVKITLDLL,KLALKLALKALKAALK_EAAAK_AF4 10mer,31
KLALKLALKALKAALKLA,EAAAK,LMVKITLDLL,AF4 10mer,KLALKLALKALKAALKLAEAAAKLMVKITLDLL,KLALKLALKALKAALKLA_EAAAK_AF4 10mer,33
RQARRNRRRALWKTLLKKVLKA,EAAAK,LMVKITLDLL,AF4 10mer,RQARRNRRRALWKTLLKKVLKAEAAAKLMVKITLDLL,RQARRNRRRALWKTLLKKVLKA_EAAAK_AF4 10mer,37
PKKKRKVALWKTLLKKVLKA,EAAAK,LMVKITLDLL,AF4 10mer,PKKKRKVALWKTLLKKVLKAEAAAKLMVKITLDLL,PKKKRKVALWKTLLKKVLKA_EAAAK_AF4 10mer,35
KALAKALAKLWKALAKAA,EAAAK,LMVKITLDLL,AF4 10mer,KALAKALAKLWKALAKAAEAAAKLMVKITLDLL,KALAKALAKLWKALAKAA_EAAAK_AF4 10mer,33
KLAAALLKKWKKLAAALL,EAAAK,LMVKITLDLL,AF4 10mer,KLAAALLKKWKKLAAALLEAAAKLMVKITLDLL,KLAAALLKKWKKLAAALL_EAAAK_AF4 10mer,33
KLALKLALKAWKAALKLA,EAAAK,LMVKITLDLL,AF4 10mer,KLALKLALKAWKAALKLAEAAAKLMVKITLDLL,KLALKLALKAWKAALKLA_EAAAK_AF4 10mer,33
YGRKKRRQRRR,IPLS,TVQPNKLPVSIPLASVVL,DOT1L 18mer,YGRKKRRQRRRIPLSTVQPNKLPVSIPLASVVL,YGRKKRRQRRR_IPLS_DOT1L 18mer,33
GRKKRRQRRRPPQ,IPLS,TVQPNKLPVSIPLASVVL,DOT1L 18mer,GRKKRRQRRRPPQIPLSTVQPNKLPVSIPLASVVL,GRKKRRQRRRPPQ_IPLS_DOT1L 18mer,35
KLALKLALKALKAAL,IPLS,TVQPNKLPVSIPLASVVL,DOT1L 18mer,KLALKLALKALKAALIPLSTVQPNKLPVSIPLASVVL,KLALKLALKALKAAL_IPLS_DOT1L 18mer,37
KLALKLALKALKAALK,IPLS,TVQPNKLPVSIPLASVVL,DOT1L 18mer,KLALKLALKALKAALKIPLSTVQPNKLPVSIPLASVVL,KLALKLALKALKAALK_IPLS_DOT1L 18mer,38
KLALKLALKALKAALKLA,IPLS,TVQPNKLPVSIPLASVVL,DOT1L 18mer,KLALKLALKALKAALKLAIPLSTVQPNKLPVSIPLASVVL,KLALKLALKALKAALKLA_IPLS_DOT1L 18mer,40
RQARRNRRRALWKTLLKKVLKA,IPLS,TVQPNKLPVSIPLASVVL,DOT1L 18mer,RQARRNRRRALWKTLLKKVLKAIPLSTVQPNKLPVSIPLASVVL,RQARRNRRRALWKTLLKKVLKA_IPLS_DOT1L 18mer,44
PKKKRKVALWKTLLKKVLKA,IPLS,TVQPNKLPVSIPLASVVL,DOT1L 18mer,PKKKRKVALWKTLLKKVLKAIPLSTVQPNKLPVSIPLASVVL,PKKKRKVALWKTLLKKVLKA_IPLS_DOT1L 18mer,42
KALAKALAKLWKALAKAA,IPLS,TVQPNKLPVSIPLASVVL,DOT1L 18mer,KALAKALAKLWKALAKAAIPLSTVQPNKLPVSIPLASVVL,KALAKALAKLWKALAKAA_IPLS_DOT1L 18mer,40
KLAAALLKKWKKLAAALL,IPLS,TVQPNKLPVSIPLASVVL,DOT1L 18mer,KLAAALLKKWKKLAAALLIPLSTVQPNKLPVSIPLASVVL,KLAAALLKKWKKLAAALL_IPLS_DOT1L 18mer,40
KLALKLALKAWKAALKLA,IPLS,TVQPNKLPVSIPLASVVL,DOT1L 18mer,KLALKLALKAWKAALKLAIPLSTVQPNKLPVSIPLASVVL,KLALKLALKAWKAALKLA_IPLS_DOT1L 18mer,40
YGRKKRRQRRR,,TVQPNKLPVSIPLASVVL,DOT1L 18mer,YGRKKRRQRRRTVQPNKLPVSIPLASVVL,YGRKKRRQRRR__DOT1L 18mer,29
GRKKRRQRRRPPQ,,TVQPNKLPVSIPLASVVL,DOT1L 18mer,GRKKRRQRRRPPQTVQPNKLPVSIPLASVVL,GRKKRRQRRRPPQ__DOT1L 18mer,31
KLALKLALKALKAAL,,TVQPNKLPVSIPLASVVL,DOT1L 18mer,KLALKLALKALKAALTVQPNKLPVSIPLASVVL,KLALKLALKALKAAL__DOT1L 18mer,33
KLALKLALKALKAALK,,TVQPNKLPVSIPLASVVL,DOT1L 18mer,KLALKLALKALKAALKTVQPNKLPVSIPLASVVL,KLALKLALKALKAALK__DOT1L 18mer,34
KLALKLALKALKAALKLA,,TVQPNKLPVSIPLASVVL,DOT1L 18mer,KLALKLALKALKAALKLATVQPNKLPVSIPLASVVL,KLALKLALKALKAALKLA__DOT1L 18mer,36
RQARRNRRRALWKTLLKKVLKA,,TVQPNKLPVSIPLASVVL,DOT1L 18mer,RQARRNRRRALWKTLLKKVLKATVQPNKLPVSIPLASVVL,RQARRNRRRALWKTLLKKVLKA__DOT1L 18mer,40
PKKKRKVALWKTLLKKVLKA,,TVQPNKLPVSIPLASVVL,DOT1L 18mer,PKKKRKVALWKTLLKKVLKATVQPNKLPVSIPLASVVL,PKKKRKVALWKTLLKKVLKA__DOT1L 18mer,38
KALAKALAKLWKALAKAA,,TVQPNKLPVSIPLASVVL,DOT1L 18mer,KALAKALAKLWKALAKAATVQPNKLPVSIPLASVVL,KALAKALAKLWKALAKAA__DOT1L 18mer,36
KLAAALLKKWKKLAAALL,,TVQPNKLPVSIPLASVVL,DOT1L 18mer,KLAAALLKKWKKLAAALLTVQPNKLPVSIPLASVVL,KLAAALLKKWKKLAAALL__DOT1L 18mer,36
KLALKLALKAWKAALKLA,,TVQPNKLPVSIPLASVVL,DOT1L 18mer,KLALKLALKAWKAALKLATVQPNKLPVSIPLASVVL,KLALKLALKAWKAALKLA__DOT1L 18mer,36
YGRKKRRQRRR,LITS,LPISIPLSTV,DOT1L 10mer site 2,YGRKKRRQRRRLITSLPISIPLSTV,YGRKKRRQRRR_LITS_DOT1L 10mer site 2,25
GRKKRRQRRRPPQ,LITS,LPISIPLSTV,DOT1L 10mer site 2,GRKKRRQRRRPPQLITSLPISIPLSTV,GRKKRRQRRRPPQ_LITS_DOT1L 10mer site 2,27
KLALKLALKALKAAL,LITS,LPISIPLSTV,DOT1L 10mer site 2,KLALKLALKALKAALLITSLPISIPLSTV,KLALKLALKALKAAL_LITS_DOT1L 10mer site 2,29
KLALKLALKALKAALK,LITS,LPISIPLSTV,DOT1L 10mer site 2,KLALKLALKALKAALKLITSLPISIPLSTV,KLALKLALKALKAALK_LITS_DOT1L 10mer site 2,30
KLALKLALKALKAALKLA,LITS,LPISIPLSTV,DOT1L 10mer site 2,KLALKLALKALKAALKLALITSLPISIPLSTV,KLALKLALKALKAALKLA_LITS_DOT1L 10mer site 2,32
RQARRNRRRALWKTLLKKVLKA,LITS,LPISIPLSTV,DOT1L 10mer site 2,RQARRNRRRALWKTLLKKVLKALITSLPISIPLSTV,RQARRNRRRALWKTLLKKVLKA_LITS_DOT1L 10mer site 2,36
PKKKRKVALWKTLLKKVLKA,LITS,LPISIPLSTV,DOT1L 10mer site 2,PKKKRKVALWKTLLKKVLKALITSLPISIPLSTV,PKKKRKVALWKTLLKKVLKA_LITS_DOT1L 10mer site 2,34
KALAKALAKLWKALAKAA,LITS,LPISIPLSTV,DOT1L 10mer site 2,KALAKALAKLWKALAKAALITSLPISIPLSTV,KALAKALAKLWKALAKAA_LITS_DOT1L 10mer site 2,32
KLAAALLKKWKKLAAALL,LITS,LPISIPLSTV,DOT1L 10mer site 2,KLAAALLKKWKKLAAALLLITSLPISIPLSTV,KLAAALLKKWKKLAAALL_LITS_DOT1L 10mer site 2,32
KLALKLALKAWKAALKLA,LITS,LPISIPLSTV,DOT1L 10mer site 2,KLALKLALKAWKAALKLALITSLPISIPLSTV,KLALKLALKAWKAALKLA_LITS_DOT1L 10mer site 2,32
YGRKKRRQRRR,LITS,LPISIPL,DOT1L 7 mer site 2,YGRKKRRQRRRLITSLPISIPL,YGRKKRRQRRR_LITS_DOT1L 7 mer site 2,22
GRKKRRQRRRPPQ,LITS,LPISIPL,DOT1L 7 mer site 2,GRKKRRQRRRPPQLITSLPISIPL,GRKKRRQRRRPPQ_LITS_DOT1L 7 mer site 2,24
KLALKLALKALKAAL,LITS,LPISIPL,DOT1L 7 mer site 2,KLALKLALKALKAALLITSLPISIPL,KLALKLALKALKAAL_LITS_DOT1L 7 mer site 2,26
KLALKLALKALKAALK,LITS,LPISIPL,DOT1L 7 mer site 2,KLALKLALKALKAALKLITSLPISIPL,KLALKLALKALKAALK_LITS_DOT1L 7 mer site 2,27
KLALKLALKALKAALKLA,LITS,LPISIPL,DOT1L 7 mer site 2,KLALKLALKALKAALKLALITSLPISIPL,KLALKLALKALKAALKLA_LITS_DOT1L 7 mer site 2,29
RQARRNRRRALWKTLLKKVLKA,LITS,LPISIPL,DOT1L 7 mer site 2,RQARRNRRRALWKTLLKKVLKALITSLPISIPL,RQARRNRRRALWKTLLKKVLKA_LITS_DOT1L 7 mer site 2,33
PKKKRKVALWKTLLKKVLKA,LITS,LPISIPL,DOT1L 7 mer site 2,PKKKRKVALWKTLLKKVLKALITSLPISIPL,PKKKRKVALWKTLLKKVLKA_LITS_DOT1L 7 mer site 2,31
KALAKALAKLWKALAKAA,LITS,LPISIPL,DOT1L 7 mer site 2,KALAKALAKLWKALAKAALITSLPISIPL,KALAKALAKLWKALAKAA_LITS_DOT1L 7 mer site 2,29
KLAAALLKKWKKLAAALL,LITS,LPISIPL,DOT1L 7 mer site 2,KLAAALLKKWKKLAAALLLITSLPISIPL,KLAAALLKKWKKLAAALL_LITS_DOT1L 7 mer site 2,29
KLALKLALKAWKAALKLA,LITS,LPISIPL,DOT1L 7 mer site 2,KLALKLALKAWKAALKLALITSLPISIPL,KLALKLALKAWKAALKLA_LITS_DOT1L 7 mer site 2,29
YGRKKRRQRRR,QPNK,LPVSIPL,DOT1L 7 mer site 3,YGRKKRRQRRRQPNKLPVSIPL,YGRKKRRQRRR_QPNK_DOT1L 7 mer site 3,22
GRKKRRQRRRPPQ,QPNK,LPVSIPL,DOT1L 7 mer site 3,GRKKRRQRRRPPQQPNKLPVSIPL,GRKKRRQRRRPPQ_QPNK_DOT1L 7 mer site 3,24
KLALKLALKALKAAL,QPNK,LPVSIPL,DOT1L 7 mer site 3,KLALKLALKALKAALQPNKLPVSIPL,KLALKLALKALKAAL_QPNK_DOT1L 7 mer site 3,26
KLALKLALKALKAALK,QPNK,LPVSIPL,DOT1L 7 mer site 3,KLALKLALKALKAALKQPNKLPVSIPL,KLALKLALKALKAALK_QPNK_DOT1L 7 mer site 3,27
KLALKLALKALKAALKLA,QPNK,LPVSIPL,DOT1L 7 mer site 3,KLALKLALKALKAALKLAQPNKLPVSIPL,KLALKLALKALKAALKLA_QPNK_DOT1L 7 mer site 3,29
RQARRNRRRALWKTLLKKVLKA,QPNK,LPVSIPL,DOT1L 7 mer site 3,RQARRNRRRALWKTLLKKVLKAQPNKLPVSIPL,RQARRNRRRALWKTLLKKVLKA_QPNK_DOT1L 7 mer site 3,33
PKKKRKVALWKTLLKKVLKA,QPNK,LPVSIPL,DOT1L 7 mer site 3,PKKKRKVALWKTLLKKVLKAQPNKLPVSIPL,PKKKRKVALWKTLLKKVLKA_QPNK_DOT1L 7 mer site 3,31
KALAKALAKLWKALAKAA,QPNK,LPVSIPL,DOT1L 7 mer site 3,KALAKALAKLWKALAKAAQPNKLPVSIPL,KALAKALAKLWKALAKAA_QPNK_DOT1L 7 mer site 3,29
KLAAALLKKWKKLAAALL,QPNK,LPVSIPL,DOT1L 7 mer site 3,KLAAALLKKWKKLAAALLQPNKLPVSIPL,KLAAALLKKWKKLAAALL_QPNK_DOT1L 7 mer site 3,29
KLALKLALKAWKAALKLA,QPNK,LPVSIPL,DOT1L 7 mer site 3,KLALKLALKAWKAALKLAQPNKLPVSIPL,KLALKLALKAWKAALKLA_QPNK_DOT1L 7 mer site 3,29
YGRKKRRQRRR,QPNK,LPVSIPLASVVL,DOT1L 12mer,YGRKKRRQRRRQPNKLPVSIPLASVVL,YGRKKRRQRRR_QPNK_DOT1L 12mer,27
GRKKRRQRRRPPQ,QPNK,LPVSIPLASVVL,DOT1L 12mer,GRKKRRQRRRPPQQPNKLPVSIPLASVVL,GRKKRRQRRRPPQ_QPNK_DOT1L 12mer,29
KLALKLALKALKAAL,QPNK,LPVSIPLASVVL,DOT1L 12mer,KLALKLALKALKAALQPNKLPVSIPLASVVL,KLALKLALKALKAAL_QPNK_DOT1L 12mer,31
KLALKLALKALKAALK,QPNK,LPVSIPLASVVL,DOT1L 12mer,KLALKLALKALKAALKQPNKLPVSIPLASVVL,KLALKLALKALKAALK_QPNK_DOT1L 12mer,32
KLALKLALKALKAALKLA,QPNK,LPVSIPLASVVL,DOT1L 12mer,KLALKLALKALKAALKLAQPNKLPVSIPLASVVL,KLALKLALKALKAALKLA_QPNK_DOT1L 12mer,34
RQARRNRRRALWKTLLKKVLKA,QPNK,LPVSIPLASVVL,DOT1L 12mer,RQARRNRRRALWKTLLKKVLKAQPNKLPVSIPLASVVL,RQARRNRRRALWKTLLKKVLKA_QPNK_DOT1L 12mer,38
PKKKRKVALWKTLLKKVLKA,QPNK,LPVSIPLASVVL,DOT1L 12mer,PKKKRKVALWKTLLKKVLKAQPNKLPVSIPLASVVL,PKKKRKVALWKTLLKKVLKA_QPNK_DOT1L 12mer,36
KALAKALAKLWKALAKAA,QPNK,LPVSIPLASVVL,DOT1L 12mer,KALAKALAKLWKALAKAAQPNKLPVSIPLASVVL,KALAKALAKLWKALAKAA_QPNK_DOT1L 12mer,34
KLAAALLKKWKKLAAALL,QPNK,LPVSIPLASVVL,DOT1L 12mer,KLAAALLKKWKKLAAALLQPNKLPVSIPLASVVL,KLAAALLKKWKKLAAALL_QPNK_DOT1L 12mer,34
KLALKLALKAWKAALKLA,QPNK,LPVSIPLASVVL,DOT1L 12mer,KLALKLALKAWKAALKLAQPNKLPVSIPLASVVL,KLALKLALKAWKAALKLA_QPNK_DOT1L 12mer,34
YGRKKRRQRRR,DTKL,LSPLRDTPPPQSLMVKITLDLLSRIPQ,AF4 27mer,YGRKKRRQRRRDTKLLSPLRDTPPPQSLMVKITLDLLSRIPQ,YGRKKRRQRRR_DTKL_AF4 27mer,42
GRKKRRQRRRPPQ,DTKL,LSPLRDTPPPQSLMVKITLDLLSRIPQ,AF4 27mer,GRKKRRQRRRPPQDTKLLSPLRDTPPPQSLMVKITLDLLSRIPQ,GRKKRRQRRRPPQ_DTKL_AF4 27mer,44
KLALKLALKALKAAL,DTKL,LSPLRDTPPPQSLMVKITLDLLSRIPQ,AF4 27mer,KLALKLALKALKAALDTKLLSPLRDTPPPQSLMVKITLDLLSRIPQ,KLALKLALKALKAAL_DTKL_AF4 27mer,46
KLALKLALKALKAALK,DTKL,LSPLRDTPPPQSLMVKITLDLLSRIPQ,AF4 27mer,KLALKLALKALKAALKDTKLLSPLRDTPPPQSLMVKITLDLLSRIPQ,KLALKLALKALKAALK_DTKL_AF4 27mer,47
KLALKLALKALKAALKLA,DTKL,LSPLRDTPPPQSLMVKITLDLLSRIPQ,AF4 27mer,KLALKLALKALKAALKLADTKLLSPLRDTPPPQSLMVKITLDLLSRIPQ,KLALKLALKALKAALKLA_DTKL_AF4 27mer,49
RQARRNRRRALWKTLLKKVLKA,DTKL,LSPLRDTPPPQSLMVKITLDLLSRIPQ,AF4 27mer,RQARRNRRRALWKTLLKKVLKADTKLLSPLRDTPPPQSLMVKITLDLLSRIPQ,RQARRNRRRALWKTLLKKVLKA_DTKL_AF4 27mer,53
PKKKRKVALWKTLLKKVLKA,DTKL,LSPLRDTPPPQSLMVKITLDLLSRIPQ,AF4 27mer,PKKKRKVALWKTLLKKVLKADTKLLSPLRDTPPPQSLMVKITLDLLSRIPQ,PKKKRKVALWKTLLKKVLKA_DTKL_AF4 27mer,51
KALAKALAKLWKALAKAA,DTKL,LSPLRDTPPPQSLMVKITLDLLSRIPQ,AF4 27mer,KALAKALAKLWKALAKAADTKLLSPLRDTPPPQSLMVKITLDLLSRIPQ,KALAKALAKLWKALAKAA_DTKL_AF4 27mer,49
KLAAALLKKWKKLAAALL,DTKL,LSPLRDTPPPQSLMVKITLDLLSRIPQ,AF4 27mer,KLAAALLKKWKKLAAALLDTKLLSPLRDTPPPQSLMVKITLDLLSRIPQ,KLAAALLKKWKKLAAALL_DTKL_AF4 27mer,49
KLALKLALKAWKAALKLA,DTKL,LSPLRDTPPPQSLMVKITLDLLSRIPQ,AF4 27mer,KLALKLALKAWKAALKLADTKLLSPLRDTPPPQSLMVKITLDLLSRIPQ,KLALKLALKAWKAALKLA_DTKL_AF4 27mer,49
YGRKKRRQRRR,PPQS,LMVKITLDLLSRIP,AF4 14mer,YGRKKRRQRRRPPQSLMVKITLDLLSRIP,YGRKKRRQRRR_PPQS_AF4 14mer,29
GRKKRRQRRRPPQ,PPQS,LMVKITLDLLSRIP,AF4 14mer,GRKKRRQRRRPPQPPQSLMVKITLDLLSRIP,GRKKRRQRRRPPQ_PPQS_AF4 14mer,31
KLALKLALKALKAAL,PPQS,LMVKITLDLLSRIP,AF4 14mer,KLALKLALKALKAALPPQSLMVKITLDLLSRIP,KLALKLALKALKAAL_PPQS_AF4 14mer,33
KLALKLALKALKAALK,PPQS,LMVKITLDLLSRIP,AF4 14mer,KLALKLALKALKAALKPPQSLMVKITLDLLSRIP,KLALKLALKALKAALK_PPQS_AF4 14mer,34
KLALKLALKALKAALKLA,PPQS,LMVKITLDLLSRIP,AF4 14mer,KLALKLALKALKAALKLAPPQSLMVKITLDLLSRIP,KLALKLALKALKAALKLA_PPQS_AF4 14mer,36
RQARRNRRRALWKTLLKKVLKA,PPQS,LMVKITLDLLSRIP,AF4 14mer,RQARRNRRRALWKTLLKKVLKAPPQSLMVKITLDLLSRIP,RQARRNRRRALWKTLLKKVLKA_PPQS_AF4 14mer,40
PKKKRKVALWKTLLKKVLKA,PPQS,LMVKITLDLLSRIP,AF4 14mer,PKKKRKVALWKTLLKKVLKAPPQSLMVKITLDLLSRIP,PKKKRKVALWKTLLKKVLKA_PPQS_AF4 14mer,38
KALAKALAKLWKALAKAA,PPQS,LMVKITLDLLSRIP,AF4 14mer,KALAKALAKLWKALAKAAPPQSLMVKITLDLLSRIP,KALAKALAKLWKALAKAA_PPQS_AF4 14mer,36
KLAAALLKKWKKLAAALL,PPQS,LMVKITLDLLSRIP,AF4 14mer,KLAAALLKKWKKLAAALLPPQSLMVKITLDLLSRIP,KLAAALLKKWKKLAAALL_PPQS_AF4 14mer,36
KLALKLALKAWKAALKLA,PPQS,LMVKITLDLLSRIP,AF4 14mer,KLALKLALKAWKAALKLAPPQSLMVKITLDLLSRIP,KLALKLALKAWKAALKLA_PPQS_AF4 14mer,36
YGRKKRRQRRR,PPQS,LMVKITLDLL,AF4 10mer,YGRKKRRQRRRPPQSLMVKITLDLL,YGRKKRRQRRR_PPQS_AF4 10mer,25
GRKKRRQRRRPPQ,PPQS,LMVKITLDLL,AF4 10mer,GRKKRRQRRRPPQPPQSLMVKITLDLL,GRKKRRQRRRPPQ_PPQS_AF4 10mer,27
KLALKLALKALKAAL,PPQS,LMVKITLDLL,AF4 10mer,KLALKLALKALKAALPPQSLMVKITLDLL,KLALKLALKALKAAL_PPQS_AF4 10mer,29
KLALKLALKALKAALK,PPQS,LMVKITLDLL,AF4 10mer,KLALKLALKALKAALKPPQSLMVKITLDLL,KLALKLALKALKAALK_PPQS_AF4 10mer,30
KLALKLALKALKAALKLA,PPQS,LMVKITLDLL,AF4 10mer,KLALKLALKALKAALKLAPPQSLMVKITLDLL,KLALKLALKALKAALKLA_PPQS_AF4 10mer,32
RQARRNRRRALWKTLLKKVLKA,PPQS,LMVKITLDLL,AF4 10mer,RQARRNRRRALWKTLLKKVLKAPPQSLMVKITLDLL,RQARRNRRRALWKTLLKKVLKA_PPQS_AF4 10mer,36
PKKKRKVALWKTLLKKVLKA,PPQS,LMVKITLDLL,AF4 10mer,PKKKRKVALWKTLLKKVLKAPPQSLMVKITLDLL,PKKKRKVALWKTLLKKVLKA_PPQS_AF4 10mer,34
KALAKALAKLWKALAKAA,PPQS,LMVKITLDLL,AF4 10mer,KALAKALAKLWKALAKAAPPQSLMVKITLDLL,KALAKALAKLWKALAKAA_PPQS_AF4 10mer,32
KLAAALLKKWKKLAAALL,PPQS,LMVKITLDLL,AF4 10mer,KLAAALLKKWKKLAAALLPPQSLMVKITLDLL,KLAAALLKKWKKLAAALL_PPQS_AF4 10mer,32
KLALKLALKAWKAALKLA,PPQS,LMVKITLDLL,AF4 10mer,KLALKLALKAWKAALKLAPPQSLMVKITLDLL,KLALKLALKAWKAALKLA_PPQS_AF4 10mer,32
YGRKKRRQRRR,LITS,LPISIPLSLV,AF9 10mer site 2_T873L,YGRKKRRQRRRLITSLPISIPLSLV,YGRKKRRQRRR_LITS_AF9 10mer site 2_T873L,25
GRKKRRQRRRPPQ,LITS,LPISIPLSLV,AF9 10mer site 2_T873L,GRKKRRQRRRPPQLITSLPISIPLSLV,GRKKRRQRRRPPQ_LITS_AF9 10mer site 2_T873L,27
KLALKLALKALKAAL,LITS,LPISIPLSLV,AF9 10mer site 2_T873L,KLALKLALKALKAALLITSLPISIPLSLV,KLALKLALKALKAAL_LITS_AF9 10mer site 2_T873L,29
KLALKLALKALKAALK,LITS,LPISIPLSLV,AF9 10mer site 2_T873L,KLALKLALKALKAALKLITSLPISIPLSLV,KLALKLALKALKAALK_LITS_AF9 10mer site 2_T873L,30
KLALKLALKALKAALKLA,LITS,LPISIPLSLV,AF9 10mer site 2_T873L,KLALKLALKALKAALKLALITSLPISIPLSLV,KLALKLALKALKAALKLA_LITS_AF9 10mer site 2_T873L,32
RQARRNRRRALWKTLLKKVLKA,LITS,LPISIPLSLV,AF9 10mer site 2_T873L,RQARRNRRRALWKTLLKKVLKALITSLPISIPLSLV,RQARRNRRRALWKTLLKKVLKA_LITS_AF9 10mer site 2_T873L,36
PKKKRKVALWKTLLKKVLKA,LITS,LPISIPLSLV,AF9 10mer site 2_T873L,PKKKRKVALWKTLLKKVLKALITSLPISIPLSLV,PKKKRKVALWKTLLKKVLKA_LITS_AF9 10mer site 2_T873L,34
KALAKALAKLWKALAKAA,LITS,LPISIPLSLV,AF9 10mer site 2_T873L,KALAKALAKLWKALAKAALITSLPISIPLSLV,KALAKALAKLWKALAKAA_LITS_AF9 10mer site 2_T873L,32
KLAAALLKKWKKLAAALL,LITS,LPISIPLSLV,AF9 10mer site 2_T873L,KLAAALLKKWKKLAAALLLITSLPISIPLSLV,KLAAALLKKWKKLAAALL_LITS_AF9 10mer site 2_T873L,32
KLALKLALKAWKAALKLA,LITS,LPISIPLSLV,AF9 10mer site 2_T873L,KLALKLALKAWKAALKLALITSLPISIPLSLV,KLALKLALKAWKAALKLA_LITS_AF9 10mer site 2_T873L,32
YGRKKRRQRRR,LITS,LPISIPV,AF9_decreased binding,YGRKKRRQRRRLITSLPISIPV,YGRKKRRQRRR_LITS_AF9_decreased binding,22
GRKKRRQRRRPPQ,LITS,LPISIPV,AF9_decreased binding,GRKKRRQRRRPPQLITSLPISIPV,GRKKRRQRRRPPQ_LITS_AF9_decreased binding,24
KLALKLALKALKAAL,LITS,LPISIPV,AF9_decreased binding,KLALKLALKALKAALLITSLPISIPV,KLALKLALKALKAAL_LITS_AF9_decreased binding,26
KLALKLALKALKAALK,LITS,LPISIPV,AF9_decreased binding,KLALKLALKALKAALKLITSLPISIPV,KLALKLALKALKAALK_LITS_AF9_decreased binding,27
KLALKLALKALKAALKLA,LITS,LPISIPV,AF9_decreased binding,KLALKLALKALKAALKLALITSLPISIPV,KLALKLALKALKAALKLA_LITS_AF9_decreased binding,29
RQARRNRRRALWKTLLKKVLKA,LITS,LPISIPV,AF9_decreased binding,RQARRNRRRALWKTLLKKVLKALITSLPISIPV,RQARRNRRRALWKTLLKKVLKA_LITS_AF9_decreased binding,33
PKKKRKVALWKTLLKKVLKA,LITS,LPISIPV,AF9_decreased binding,PKKKRKVALWKTLLKKVLKALITSLPISIPV,PKKKRKVALWKTLLKKVLKA_LITS_AF9_decreased binding,31
KALAKALAKLWKALAKAA,LITS,LPISIPV,AF9_decreased binding,KALAKALAKLWKALAKAALITSLPISIPV,KALAKALAKLWKALAKAA_LITS_AF9_decreased binding,29
KLAAALLKKWKKLAAALL,LITS,LPISIPV,AF9_decreased binding,KLAAALLKKWKKLAAALLLITSLPISIPV,KLAAALLKKWKKLAAALL_LITS_AF9_decreased binding,29
KLALKLALKAWKAALKLA,LITS,LPISIPV,AF9_decreased binding,KLALKLALKAWKAALKLALITSLPISIPV,KLALKLALKAWKAALKLA_LITS_AF9_decreased binding,29
